name	pool	seq	length	%gc	tm
hCoV_F1_2kb	hCoV_2kb_1	ACCAACCAACTTTCGATCTCTTGT	24	41.70	56.70
hCoV_R1_2kb	hCoV_2kb_1	ACACCACCTGTAATGTAGGCCA	22	50.00	58.20
hCoV_F2_2kb	hCoV_2kb_2	CTGCTCAAAATTCTGTGCGTGT	22	45.50	56.40
hCoV_R2_2kb	hCoV_2kb_2	GGTCAGCACCAAAAATACCAGCT	23	47.80	57.90
hCoV_F3_2kb	hCoV_2kb_1	AGCGGACACAATCTTGCTAAACA	23	43.50	57.10
hCoV_R3_2kb	hCoV_2kb_1	GGTTGTCTGCTGTTGTCCACAA	22	50.00	58.00
hCoV_F4_2kb	hCoV_2kb_2	TTGTGCACTTATCTTAGCCTACTGT	25	40.00	55.90
hCoV_R4_2kb	hCoV_2kb_2	TGCCAAAAACCACTCTGCAACT	22	45.55	57.90
hCoV_F5_2kb	hCoV_2kb_1	CACTATTGCAACCTACTGTACTGGT	25	44.00	56.50
hCoV_R5_2kb	hCoV_2kb_1	CGTGTGTCAGGGCGTAAACTTT	22	50.00	57.90
hCoV_F6_2kb	hCoV_2kb_2	GTACACTGACTTTGCAACATCAGC	24	45.80	56.60
hCoV_R6_2kb	hCoV_2kb_2	AACGGCAATTCCAGTTTGAGCA	22	45.50	57.90
hCoV_F7_2kb	hCoV_2kb_1	TGTACGCTGCTGTTATAAATGGAGA	25	40.00	56.10
hCoV_R7_2kb	hCoV_2kb_1	TTTGACAGCAGAATTGGCCCTT	22	45.50	57.60
hCoV_F8_2kb	hCoV_2kb_2	TGGTACAACATTTACTTATGCATCAGC	27	37.00	55.70
hCoV_R8_2kb	hCoV_2kb_2	TGGGTGGTATGTCTGATCCCAA	22	50.00	57.90
hCoV_F9_2kb	hCoV_2kb_1	CCTTGACCAGGGCTTTAACTGC	22	54.50	58.40
hCoV_R9_2kb	hCoV_2kb_1	ATCATCTACAAAACAGCCGGCC	22	50.00	57.80
hCoV_F10_2kb	hCoV_2kb_2	AGCAAAATGTTGGACTGAGACTGA	24	41.70	56.70
hCoV_R10_2kb	hCoV_2kb_2	CCAAGCAGGGTTACGTGTAAGG	22	54.50	57.90
hCoV_F11_2kb	hCoV_2kb_1	GCTGAAATTGTTGACACTGTGAGT	24	41.70	56.00
hCoV_R11_2kb	hCoV_2kb_1	AGCACCACCTAAATTGCAACGT	22	45.50	57.70
hCoV_F12_2kb	hCoV_2kb_2	TGCATTCCACACACCAGCTTTT	22	45.50	57.90
hCoV_R12_2kb	hCoV_2kb_2	TAACAAAGGCTGTCCACCATGC	22	50.00	58.00
hCoV_F13_2kb	hCoV_2kb_1	ACAAAAGAAAATGACTCTAAAGAGGGTTT	29	31.00	55.40
hCoV_R13_2kb	hCoV_2kb_1	TGTGCTACCGGCCTGATAGATT	22	50.00	58.00
hCoV_F14_2kb	hCoV_2kb_2	CAGGCTGCGTTATAGCTTGGAA	22	50.00	57.50
hCoV_R14_2kb	hCoV_2kb_2	CATGACAAATGGCAGGAGCAGT	22	50.00	58.00
hCoV_F15_2kb	hCoV_2kb_1	TCAGAGTGTGTACTTGGACAATCAA	25	40.00	56.00
hCoV_R15_2kb	hCoV_2kb_1	GTACCGTTGGAATCTGCCATGG	22	54.50	58.20
hCoV_F16_2kb	hCoV_2kb_2	ACGTGAGTCTTGTAAAACCTTCTTTTT	27	33.30	55.40
hCoV_R16_2kb	hCoV_2kb_2	ACTGCCAGTTGAATCTGAGGGT	22	50.00	58.50
hCoV_F17_2kb	hCoV_2kb_1	GGAATCATCACAACTGTAGCTGCA	24	45.80	57.40
hCoV_R17_2kb	hCoV_2kb_1	TAGGCAGCTCTCCCTAGCATTG	22	54.50	58.50
