"","SAMPLE_01","SAMPLE_02","SAMPLE_03","SAMPLE_04","SAMPLE_05"
"E:T9I",1,1,1,1,1
"M:A63T",1,1,1,1,1
"M:D3G",1,1,1,1,1
"M:Q19E",1,1,1,1,1
"N:E31-",1,1,1,1,1
"N:G204R",1,1,1,1,1
"N:H300Y",0,0,1,0,0
"N:P13L",1,1,1,1,1
"N:R203K",1,1,1,1,1
"N:R32-",1,1,1,1,1
"N:S33-",1,1,1,1,1
"ORF1a:A2710T",1,1,1,1,1
"ORF1a:G3676-",1,1,1,1,1
"ORF1a:I3758V",1,1,1,1,1
"ORF1a:I431M",1,1,0,0,0
"ORF1a:K856R",1,1,1,1,1
"ORF1a:L2084I",0,1,0,1,1
"ORF1a:L3674-",1,1,1,1,1
"ORF1a:P3395H",1,1,1,1,1
"ORF1a:S2083-",0,1,0,1,1
"ORF1a:S3675-",1,1,1,1,1
"ORF1a:T3255I",0,1,1,1,1
"ORF1b:I1566V",0,0,0,1,1
"ORF1b:P314L",1,1,1,1,1
"ORF9b:A29-",1,1,1,1,1
"ORF9b:E27-",1,1,1,1,1
"ORF9b:N28-",1,1,1,1,1
"ORF9b:P10S",1,1,1,1,1
"S:A67V",1,1,1,1,1
"S:D614G",1,1,1,1,1
"S:D796Y",1,1,1,1,1
"S:E484A",0,1,1,1,1
"S:G142-",1,1,1,1,1
"S:G339D",1,1,1,1,1
"S:G496S",0,1,1,1,1
"S:H655Y",1,1,1,1,1
"S:H69-",1,1,1,1,1
"S:L212I",1,1,1,1,1
"S:L981F",1,1,1,1,1
"S:N211-",1,1,1,1,1
"S:N501Y",1,1,1,1,1
"S:N679K",1,1,1,1,1
"S:N856K",1,1,1,1,1
"S:N969K",1,1,1,1,1
"S:P681H",1,1,1,1,1
"S:Q493R",0,1,1,1,1
"S:Q498R",0,1,1,1,1
"S:Q954H",0,1,1,1,1
"S:S371L",1,1,1,1,1
"S:S373P",1,1,1,1,1
"S:S375F",1,1,1,1,1
"S:S477N",0,1,1,1,1
"S:T478K",0,1,1,1,1
"S:T547K",1,1,1,1,1
"S:T95I",1,1,1,1,1
"S:V143-",1,1,1,1,1
"S:V70-",1,1,1,1,1
"S:Y144-",1,1,1,1,1
"S:Y145D",1,1,1,1,1
"S:Y505H",1,1,1,1,1
